{"cameraMode":{"drawMode":0,"name":"Shaded","section":"Shading Mode"},"sceneLighting":true,"audioPlay":false,"sceneViewState":{"m_AlwaysRefresh":false,"showFog":true,"showSkybox":true,"showFlares":true,"showImageEffects":true,"showParticleSystems":true,"showVisualEffectGraphs":true,"m_FxEnabled":true},"in2DMode":false,"pivot":{"x":-0.0030122995376586916,"y":1.6206625699996949,"z":0.1270173192024231},"rotation":{"x":0.20258264243602754,"y":0.512978732585907,"z":-0.1260215938091278,"w":0.8246122002601624},"size":0.4836679697036743,"orthographic":false}